Role,Standard Roles
Senior Product Manager,Management
Territory Sales Manager,Management
Full Stack Developer,Full Stack Developer
.NET Developer,Backend Developer
Senior Software Engineer,Software Engineer
Data Scientist,Data Scientist
Data Engineer,Data Engineer
Sales Executive - General Trade,Marketing
React.js Developer,Frontend Developer
Business Development Executive,Marketing
Senior Data Scientist,Data Scientist
Data Analyst,Data Analyst
Business Development Associate,Marketing
QA Engineer,Testing
Engineering Manager,Management
Product Manager,Management
Site Reliability Engineer,Testing
Senior Backend Engineer,Backend Developer
Sales Specialist,Marketing
Backend Engineer,Backend Developer
SEO Specialist,Consultancy
DevOps Cloud Engineer,Cloud Engineer
Software Development Engineer,Software Engineer
Dot .NET Developer,Backend Developer
SDE 3,Software Engineer
Frontend Developer,Frontend Developer
Senior Java Developer,Full Stack Developer
Full Stack Developer - Java,Full Stack Developer 
ServiceNow Developer,Software Engineer
UI Developer,Frontend Developer
Software Developer,Software Engineer
Python Developer,Software Engineer
Software Engineer,Software Engineer
Quality Assurance Engineer,Testing
Principal Software Engineer,Software Engineer
Senior Digital Marketing Manager / Head of Marketing,Management
ASW Cloud Security Manager,Management
Snowflake Developer,Data Engineer
C / C++ Development,Software Engineer
Salesforce Developer,Marketing
Career Counsellor,Marketing
Senior Site Reliability Engineer [T500 - 6976,Testing
Category Manager,Management
SSE,Others
Chief of Staff,Management
Sales / Senior Sales Associate,Marketing
Content Writer,Writers
Senior / Member of Technical Staff,Management
Creative Graphic Designer,Designer
Branch Manager,Management
Customer Delight,Customers Support
Senior Software Engineer - Networking,Software Engineer
Customer Integration Engineer,Customers Support
Software Engineer - Frontend,Frontend Developer
Customer Success Manager,Management
Project Lead / Test Engineer,Testing
Customer Support Executive - KYC Specialist,Customers Support
Regional Sales Manager,Management
Cybersecurity Engineer - PKI [T500 - 6924,CyberSecurity
Sales Executive / Senior Sales Executive,Marketing
Cybersecurity Engineer [Tt500 - 6862,CyberSecurity
"Backend, Node.js Python Developer",Backend Developer
.NET Full Stack Lead / Architect,Full Stack Developer
Senior Content Marketer - B2C,Marketing
Accounts Executive,Marketing
Senior Financial Business Analyst [T500 - 6956,Data Analyst
Admission Counsellor,Marketing
Senior Product Manager - Credit &amp; Lending,Management
Data Scientists,Data Scientist
Senior Software Engineer - Big Data,Data Engineer
Deputy Manager - Performance Marketing,Management
SEO Consultant,Consultancy
Automation Testing,Testing
.NET Developer - BizTalk [T500 - 6844,Backend Developer
DevOps Engineer,Cloud Engineer
Software Engineering - Backend,Backend Developer
Digital Marketing Executive,Marketing
Vice President of Engineering,Management
Azure Databricks Developer,Data Engineer
Backend Developer - Java,Backend Developer
Dotnet Developer,Backend Developer
React.js / Angular JS Developer,Frontend Developer
Education Counsellor - B2C Sales,Marketing
Relationship Manager,Management
Engineering Help Desk Technician,Customers Support
Android Developer,Software Engineer
Admission Counsellor Study Abroad,Marketing
Salesforce Administartor,Marketing
Engineering Manager - Node.js &amp; Python,Management
SDE,Software Engineer
ENOVIA Developer,Designer
Secops Manager,Management
Enterprise - Sales Manager,Management
Senior Cloud Engineer,Cloud Engineer
Enterprise Sales Outbound,Marketing
Assistant Brand Manager,Management
Event Manager,Management
Senior Financial Business Analyst [T500 - 6950,Data Analyst
Finance Manager,Management
Senior Full Stack Developer - Java,Full Stack Developer
Flutter Developer,Software Engineer
Senior Node.js Developer,Backend Developer
Front End Developer - Angularjs,Frontend Developer
Senior Sales Executive / Sales Manager,Management
Front End Engineer,Frontend Developer
Senior Software Developer - C++,Software Engineer
Azure DevOps,Cloud Engineer
Senior Software Engineer - Frontend,Frontend Developer
Frontend Engineet - SDE1 / SDE2,Frontend Developer
Senior Visualizer,Data Analyst
Frontend SDE4,Frontend Developer
Business Development,Marketing
AEM Developer,Software Engineer
Social Media Marketer,Marketing
Backend Architect,Backend Developer
Software Development Engineer - Frontend,Frontend Developer
Full Stack Developer - MEAN,Full Stack Developer
Software Engineer 2,Software Engineer
Full Stack Developers - Java,Full Stack Developer
Software Technologist,Software Engineer
Full Stack Java Developer,Full Stack Developer
Business Systems Analyst,Data Analyst
Fullstack Develoepr - SDE2,Full Stack Developer
VP Product - Credit Card,Marketing
Functional Consultant,Consultancy
Project Manager - Payment Services,Management
GCP Developer,Cloud Engineer
Anaplan Analyst / Manager,Management
Hadoop Administrator,Data Engineer
Quality Engineer,Testing
Head of Engineering,Management
Android Architect,Software Engineer
Hyperion Developer,Software Engineer
Regional Supply Head,Marketing
Informatica IICS Developer,Data Engineer
Saas Sales Account Executive,Marketing
Insight Analyst,Data Analyst
Sales Consultant,Marketing
International Voice Process,Customers Support
Sales Executive - Modern Trade,Marketing
iOS Architect,Software Engineer
Backend Lead / Founding Engineer,Backend Developer
iOS Developer,Software Engineer
Salesforce Architect,Marketing
Java Angular Developer,Full Stack Developer
SAP FICO + Tax Consultant,Consultancy
Java Developer,Full Stack Developer
SDE - 1 Frontend,Frontend Developer
Java Fullstack Developer,Full Stack Developer
SDE II Frontend,Frontend Developer
Key Account Manager,Management
Security Engineer,CyberSecurity
Key Account Manager / Senior Key Account Manager,Management
Big Data - Java Spark Developer,Data Engineer
Lead Data Engineer,Data Engineer
Senior Consultant I - Engineer,Consultancy
Lead Developer,Management
Senior Cybersecurity Engineer [T500 - 6926,CyberSecurity
Lead Developer - API,Data Engineer
Senior DevOps Engineer,Cloud Engineer
Machine Learning Engineer,Data Engineer
Senior Financial Accountant,Accountancy
Manager - Accounting,Management
Senior Financial Business Analyst [T500 - 6951,Data Analyst
Manager - Institutional / B2B Sales,Management
Senior Full - Stack Developer,Full Stack Developer
"Manager / Senior Manager / AD, Strategic Accounts",Management
Senior Fullstack Developer [T500 - 6970,Full Stack Developer
Manager II,Management
Senior ML Architect,Data Engineer
Manager II - Third Party Assessments,Management
Assistant Manager - B2C Inside Sales,Management
Marketing Head,Marketing
Senior Product Manager - Fintech,Management
Office Operations,Management
Senior Sales Manager,Management
Oracle - UFT Testing,Testing
Senior Software Developer,Software Engineer
Oracle Fusion HCM Technical / Functional Consultant,Consultancy
Associate - Sales Representative / Inside Sales,Marketing
PCG Adviser,Consultancy
Senior Software Engineer - Database,Data Engineer
PHP Developer,Frontend Developer
Senior Software Engineer - Full Stack,Full Stack Developer
PL / SQL Developer,Data Engineer
Senior Technical Lead Engineer,Management
Power BI MSBI SQL Developer,Data Analyst
Senior VP - Indian Operation,Management
PPM / Director - Product Management,Marketing
Business Analyst,Data Analyst
Principal Product Manager,Management
.NET Core Developer,Backend Developer
SSE / FE,Others
Social Media Executive,Marketing
SSE Backend,Backend Developer
Social Media Marketing Executive,Marketing
Staff Engineer - Java Full Stack,Full Stack Developer
Business Development Executives,Marketing
System Engineer,Software Engineer
Business Development Manager,Management
Team Lead - Technical,Management
Software Engineer - Python,Software Engineer
Tech Lead Engineer,Management
Software Engineer II,Software Engineer
Technical Product Manager,Management
Software Technical Support Engineer,Software Engineer
Technical Program Manager,Management
SRE - TKG,Others
Associate / Sr. Associate - Inside Sales,Marketing
SSE - Frontend,Frontend Developer
Training Manager,Management
Backend Developer,Backend Developer
Staff - Backend Developer,Backend Developer
Principal Software Engineer - UI Architect,Software Engineer
Staff Software Engineer,Software Engineer
Principle Software Engineer,Software Engineer
TA Specialist,Others
Process Simulation Engineer,Software Engineer
Tech Lead - C++,Software Engineer
Warehouse Manager - Retails,Management
Tech Lead Manager,Management
Wordpress Developer - Lead,Management
"Technical Product Manager,",Management
Product Manager - Digital Lending,Management
Technical Writer,Writers
Product Manager - II,Management
Test Engineer,Testing
Product Marketing Specialist,Marketing
UI Artist,Others
Product Owner - Retail Apps,Marketing
UX Engineer,Frontend Developer
Product Support Engineer / Customer Support,Customers Support
VP Engineering,Others
Program Manager,Management
Associate Sales,Marketing
Program Manager - Data Management,Data Engineer
.NET Azure Fullstack Developer,Full Stack Developer
Product Manager - Cloud,Management
